ica,ingrediente,marca,empresa,concentracion,formulacion,origen
9079,BACILLUS SUBTILIS,BACTOX WP,SEMILLAS VALLE S.A,"""2X10_ESPORAS/GRAM O DE PRODUCTO FORMULADO(10%)""",POLVO MOJABLE (WP),NO DEFINIDO
2004,TRICHOGRAMMA SPP,TRICHOGRAMMA SEMILLAS VALLE,SEMILLAS  VALLE S.A,"""2400 HUEVOS PARASITADOS/PULGADA_""",INIDIVIDUOS VIVOS,NO DEFINIDO
9121,TRICHODERMA HARZIANUM,TRICHOX WP,SEMILLAS VALLE S.A,"""1.0 X 10_ UFC ESPORAS/GRAMO DE PRODUCTO FORMULADO* PORCENTAJE DE VIABILIDAD DE ESPORAS ³40% A LAS 48 HORAS DE INCUBACION EN AGAR AGUA""",POLVO MOJABLE (WP),NO DEFINIDO
9824,BACILLUS SUBTILIS,BACTOX SL,SEMILLAS VALLE S.A,"""17.5% p/p 5x10_ ESPORAS VIABLES POR ml""",CONCENTRADO SOLUBLE (SL),NO DEFINIDO
10055,BACILLUS THURINGIENSIS VAR KURSTAKI,BT-BIOX,SEMILLAS VALLE S.A,"""32000 IU/mg 2x10_ UFC/g *""",POLVO MOJABLE (WP),NO DEFINIDO
10696,BACILLUS MEGATERIUM,ECCOBIOX SL,SEMILLAS VALLE S.A,"""1X10_ ESPORAS/ml 20%""",CONCENTRADO SOLUBLE (SL),NO DEFINIDO
5551,EXTRACTO DE AJO Y AJI,XPLODE,BAM S.A,"""CAPSAICINA 6% DISULFURO DE ALILO 4%""",CONCENTRADO SOLUBLE (SL),NO DEFINIDO
9853,STREPTOMYCES RACEMOCHROMOGENES,ACTYBAC SC,BIOCULTIVOS S.A,"""1X10_ UFC/ml""",SOLUCION CONCENTRADA (SC),NO DEFINIDO
4737,AZOTOBACTER VINELANDII,TERRAVITE-S21,TERRAVITA S.A.S,"""3X10_ UFC/ml""",SUSPENSION CONCENTRADA (SC),NO DEFINIDO
5725,RHIZOBIUM JAPONICUM,FERBIOL SOYA,FERBIAGRO,"""1 X10^9 UFC/g DE SUELO""",SUSTRATO SOLIDO,NO DEFINIDO
6139,LACTOBACILLUS BREVIS & SACCHAROMYCES CEREVISIAE,EMAGRO,INSUMOS BIOLOGICOS DE COLOMBIA IBICOL S.A.S,"""20X10_ UFC/ml + 10X10_ UFC/ml""",CONCENTRADO SOLUBLE (SL),NO DEFINIDO
6519,PSEUDOMONAS FLUORESCENS,FOSFORIZ,FUNDASES-FUNDACION DE ASESORIAS PARA EL SECTOR RURAL,"""1X10^8 UFC/ml""",SUSPENSION CONCENTRADA (SC),NO DEFINIDO
7899,BRADYRHIZOBIUM JAPONICUM,BIAGRO LIQUIDO,DISTRIBUIDORA DE BIOLOGICOS DE COLOMBIA LTDA DIBICOL LTDA,"""1X10^4 UFC/ML""",LIQUIDO,NO DEFINIDO
852,BACILLUS THURINGIENSIS VAR. KURSTAKI,DIPEL WP,ABBOTT LABORATORIES DE COLOMBIA S.A,"""1600O UNIDADES INTERNACIONALES DE POTENCIA/MG 3.2%""",POLVO MOJABLE (WP),NO DEFINIDO
950,BACILLUS THURINGIENSIS VAR. KURSTAKI (SEROTIPOS IIIA Y IIIB),THURICIDE HP WP,MITSUI DE COLOMBIA S.A,"""1 X 10__ UFC/g""",POLVO MOJABLE (WP),NO DEFINIDO
1284,FEROMONA GOSSYPLURE,NOMATE PBW,MITSUI DE COLOMBIA S.A,"""ACETATO DE (Z.Z)-7-IL HEXADECADEIN-I-OL 38%. ACETATO DE (Z.E)-7-IL-""",LIQUIDO,NO DEFINIDO
1286,HUEVOS DE SITOTROGA CEREALELLA PARASITADOS POR TRICHOGRAMMA EXIGUUM,TRICHOGRAMMA PROPERKINS LTDA,PRODUCTOS BIOLOGICOS PERKINS LTDA,"""2400 HUEVOS PARASITADOS/PULGA DA CUADRADA""",INIDIVIDUOS VIVOS,NO DEFINIDO
1558,TRICHOGRAMMA SPP,TRICHOGRAMMA SPP,MANUELITA S.A,"""2400 HUEVOS DEL HUESPED PARASITADOS/PULGADA_""",INIDIVIDUOS VIVOS,NO DEFINIDO
1560,TRICHOGRAMMA SPP,TRICHOGRAMMA SPP,CENTRO BIOLOGICO MARIELA SILVA DE GUTIERREZ,"""2400 HUEVOS DEL HUESPED PARASITADOS/PULGADA_""",INIDIVIDUOS VIVOS,NO DEFINIDO
1563,TRICHOGRAMMA SPP,TRICHOGRAMMA SPP,BIOLOGICOS DEL VALLE,"""2400 HUEVOS DEL HUESPED PARASITADOS/PULGADA_""",INIDIVIDUOS VIVOS,NO DEFINIDO
1566,TRICHOGRAMMA SPP,TRICHOGRAMMA SPP,BIOLOGICOS DE OCCIDENTE- BIOCCIDENTE,"""2000 HUEVOS DEL HUESPED PARASITADOS/PULGADA_""",INIDIVIDUOS VIVOS,NO DEFINIDO
1567,TRICHOGRAMMA SPP,TRICHOGRAMMA SPP,CONTROLES INTEGRADOS ENTOQUIMIA,"""2400 HUEVOS DEL HUESPED PARASITADOS/PULGADA_""",INIDIVIDUOS VIVOS,NO DEFINIDO
1568,TRICHOGRAMMA SPP,TRICHOGRAMMA FEDERALGODîN ZARZAL,FEDERACION NACIONAL DE ALGODîNEROS - COMITE SECCIONAL DE ZARZAL,"""3000 HUEVOS DEL HUESPED PARASITADO/PULGADA_""",INIDIVIDUOS VIVOS,NO DEFINIDO
1569,TRICHOGRAMMA PRETIOSUM,TRICHOGRAMMA PERKINS,PRODUCTOS BIOLOGICOS PERKINS LTDA,"""2400 HUEVOS DEL HUESPED PARASITADO/PULGADA_""",INIDIVIDUOS VIVOS,NO DEFINIDO
1585,TRICHOGRAMMA SPP,TRICHOGRAMMA SPP,AGROBENEFICOS ALVARO AGUIRRE AYALA,"""2400 HUEVOS DEL HUESPED PARASITADO/PULGADA_""",INIDIVIDUOS VIVOS,NO DEFINIDO
1754,TRICHOGRAMMA SPP,TRICHOGRAMMA SPP,AGRICULTURA BIOLOGICA LIMITADA,"""2400 HUEVOS DEL HUESPED PARASITADO/PULGADA_""",INIDIVIDUOS VIVOS,NO DEFINIDO
1837,FEROMONA GRANDLURE,HERCON LURETAPE CON GRANDLURE,REPRESENTACIONES Y DESARROLLOS BIOTECNOLOGICOS LTDA. REBIOTEC,"""SE DEBE ACTUALIZAR EL REGISTRO""",LIQUIDO,NO DEFINIDO
1879,BACILLUS THURINGIENSIS VAR. KURSTAKI,DIPEL SE,VALENT BIOSCIENCES CORPORATION,"""17600 UNIDADES INTERNACIONALES DE POTENCIA/MG 3.5%""",SUSPOEMULSION (SE),NO DEFINIDO
1880,BACILLUS THURINGIENSIS VAR. KURSTAKI,DIPEL 10 G,ABBOTT LABORATORIES DE COLOMBIA S.A,"""16000 UNIDADES INTERNACIONALES DE POTENCIA/MG""",GRANULADO (GR),NO DEFINIDO
1881,BACILLUS THURINGIENSIS VAR. KURSTAKI,DIPEL WG,BAYER S.A,"""1x10^9 UFC/ml""",POLVO MOJABLE (WP),NO DEFINIDO
1950,TRICHOGRAMMA SPP,TRICHOGRAMMA SPP,ARNULFO PORTELA HERNANDEZ,"""3000 HUEVOS PARASITADOS/PULGADA_""",INIDIVIDUOS VIVOS,NO DEFINIDO
2002,TRICHOGRAMMA SPP,TRICHOGRAMMA,BIOLOGICOS DE LOS LLANOS LTDA.,"""2400 HUEVOS PARASITADOS/PULGADA_""",INIDIVIDUOS VIVOS,NO DEFINIDO
2005,TRICHOGRAMMA SPP,TRICHOGRAMMA SPP,BENEFICOS LTDA,"""2400 HUEVOS PARASITADOS/PULGADA_""",INIDIVIDUOS VIVOS,NO DEFINIDO
2050,TRICHOGRAMMA SPP,TRICHOGRAMMA,INGENIO PROVIDENCIA S.A,"""2400 HUEVOS PARASITADOS/PULGA_""",INIDIVIDUOS VIVOS,NO DEFINIDO
2075,TRICHOGRAMMA SPP,"TRICHOGRAMMA SPP ""BIONORTE""",BIOLOGICOS DEL NORTE BIONORTE,"""2400 HUEVOS PARASITADOS/PULGA""",INIDIVIDUOS VIVOS,NO DEFINIDO
2103,BACILLUS THURINGIENSIS VAR. KURSTAKI,TURILAV WP,LAVERLAM S.A.,"""32000 UNIDADES INTERNACIONALES DE POTENCIA/MG""",POLVO MOJABLE (WP),NO DEFINIDO
2109,BRADYRHIZOBIOM JAPONICUM,BIONITRO SOYA 1,MICROAGRO LTDA,"""1X10^9 UFC/g""",POLVO,NO DEFINIDO
2134,TRICHOGRAMMA SPP,TRICHOGRAMMA SPP,ACCION BIOCONTROL LTDA A.B.C. LTDA,"""2400 HUEVOS PARASITADOS/PULGA DA_""",INIDIVIDUOS VIVOS,NO DEFINIDO
2148,TRICHOGRAMMA SPP,TRICHOGRAMMA SPP,CENTRO DE PRODUCTOS BIOLOGICOS CEPROBIOL,"""2400 HUEVOS PARASITADOS/PULGA DA_""",INIDIVIDUOS VIVOS,NO DEFINIDO
2150,RHIZOBIUM PHASEOLI,NITRAGIN ARVEJA,COLINAGRO S.A,"""4X10 UFC/G""",POLVO,NO DEFINIDO
2151,RHIZOBIUM PHASEOLI,NITRAGIN FRIJOL,COLINAGRO S.A,"""1X10^8 UFC/G""",POLVO,NO DEFINIDO
2165,TRICHOGRAMMA SPP,TRICHOGRAMMA SPP,OROZCO TONCEL JAVIER DARIO PROPIETARIO DEL ESTABLECIMIENTO COMERCIAL TRICONORVA,"""2400 HUEVOS PARASITADOS/PULGA DA_""",INIDIVIDUOS VIVOS,NO DEFINIDO
2166,TRICHOGRAMMA SPP,TRICHOGRAMMA SPP,ARTURO ORLANDO MORA JARAMILLO BIOCONTROL,"""2400 HUEVOS PARASITADOS/PULGA DA_""",INIDIVIDUOS VIVOS,NO DEFINIDO
2273,BEAUVERIA BASSIANA,BASSIANII WP,ARTURO ORLANDO MORA JARAMILLO BIOCONTROL,"""1 X 10_ CONIDIAS VIABLES/G 20%""",POLVO MOJABLE (WP),NO DEFINIDO
2294,TRICHOGRAMMA SPP,TRICHOGRAMMA SPP,VARGAS HERNANDEZ OCTAVIO INBERAGRO,"""2400 HUEVOS PARASITADOS/PULGA DA_""",INIDIVIDUOS VIVOS,NO DEFINIDO
2326,FEROMONAS GOSSYPLURE (Z.E) & GOSSYPLURE (Z.Z),CHECK-MATE PBW,PROFICOL S.A,"""SE DEBE ACTUALIZAR EL REGISTRO""",LIQUIDO,NO DEFINIDO
2406,BACILLUS THURINGIENSIS VAR AIZAWAI,AGREE 50 W.P.,CIBA GEIGY COLOMBIANA S.A,"""3.8% DE DELTA ENDOTOXINA (25000 UI/MG)""",POLVO MOJABLE (WP),NO DEFINIDO
2423,BACILLUS THURINGIENSIS VAR. KURSTAKI,ECOTECH-PRO,BAYER  S.A,"""7.5% (2329 G/L 2425% QUE CORRESPONDEN A 72 G/L DE ENDOTOXINA E""",SUSPOEMULSION (SE),NO DEFINIDO
2462,BACILLUS THURINGIENSIS VAR. KURSTAKI,BATON SC,QUIMOR S.A,"""264%(2 X 10_ esporas viables/mg)""",SUSPENSION CONCENTRADA (SC),NO DEFINIDO
2486,LACTOBACILOS BACTERIAS NITRIFICANTES HONGOS & LEVADURAS,AGROPLUS,FUNDASES-FUNDACION DE ASESORIAS PARA EL SECTOR RURAL,"""LACTOBACILLUS UFC/ML; 2.7X10^6; BACTERIAS NITRIFICANTES 20x10^6 UFC/ML;""",CONCENTRADO SOLUBLE (SL),NO DEFINIDO
2491,BEAUVERIA BASSIANA,CONIDIA WG,BAYER  S.A,"""25 X 10__ CONIDIAS VIABLES/G 18-20%""",GRANULOS DISPERSABLES (WP),NO DEFINIDO
2544,LECANICILLIUM (=VERTICILLIUM LECANI),VERTISOL,LAVERLAM S.A.,"""No Definidos""",NO DEFINIDO,NO DEFINIDO
2545,ENTOMOPHTORA VIRULENTA,VEKTOR¨,LAVERLAM S.A.,"""1 X 10_ ZYGOSPORAS VIABLES/ML""",LIQUIDO,NO DEFINIDO
2610,BACILLUS THURINGIENSIS VAR. KURSTAKI  SEROTIPO 3A 3B,JAVELIN WG,MITSUI DE COLOMBIA S.A,"""8X10_UFC/g (53 BILLONES DE UNIDADES DE SPODOPTERA/Kg)""",GRANULOS DISPERSABLES (WG),NO DEFINIDO
2654,MICORRIZAS DE LOS GENEROS GLOMUS SP,BIOFERT-MEX POLVO,MINERALES EXCLUSIVOS Y CIA S.C.A,"""Micelio externo de MVA (Glomus sp): 5 metros/g""",POLVO DE APLICACIîN DIRECTA (AP),NO DEFINIDO
2701,BEAUVERIA BASSIANA METARHIZIUM ANISOPLIAE Y PAECILOMYCES LILLACINUS,MICOSPLAG WP,ORBIOTEC S.A,"""1X10_ UFC/* 1X10_ UFC/* 1 X 10_ UFC/*""",POLVO MOJABLE (WP),NO DEFINIDO
2729,BACILLUS THURINGIENSIS VAR AIZAWAI,XENTARI WG,VALENT BIOSCIENCES CORPORATION,"""15000 UI POTENCIA/MG""",GRANULOS DISPERSABLES,NO DEFINIDO
2764,TRICHODERMA HARZIANUM T- 39,TRICHODEX 25,PROFICOL S.A,"""1 X 10_ UFC/G""",POLVO MOJABLE (WP),NO DEFINIDO
2772,FEROMONA RINCOCHOPHORUS,RHYNCO-LURE,REPRESENTACIONES Y DESARROLLOS BIOTECNOLOGICOS LTDA. REBIOTEC,"""SE DEBE ACTUALIZAR EL REGISTRO""",LIQUIDO,NO DEFINIDO
2775,FEROMONA RHYNCHOPHOROL (EXTRACTO DE RHYNCHOPHORUS PALMARUM)3-METHIL- HIDROXI-HEP-5-ENO,META LURE,REPRESENTACIONES Y DESARROLLOS BIOTECNOLOGICOS LTDA. REBIOTEC,"""0.9802""",LIQUIDO,NO DEFINIDO
2776,FEROMONA RHYNCHOPHOROL (EXTRACTO DE RHYNCHOPHORUS PALMARUM)3-METHIL- HIDROXI-HEP-5-ENO,COMBOLURE,REPRESENTACIONES Y DESARROLLOS BIOTECNOLOGICOS LTDA. REBIOTEC,"""0.9802""",LIQUIDO,NO DEFINIDO
2897,FEROMONA TELURE,TELURE TW,POINT DE COLMBIA LTDA,"""SE DEBE ACTUALIZAR EL""",LIQUIDO,NO DEFINIDO
2913,EXTRACTOS VEGETALES & ACIDOS GRASOS,SINCOCIN SL,MAGRO S.A,"""53 MILIGRAMOS POR LITRO DE FORMULACION""",SUSPENSION CONCENTRADA (SC),NO DEFINIDO
2934,ENDOMICORRIZASVESI CO-ARBUSCULAR (VAM) DE LSO GENEROS: GLOMUS SPP.  ACAULOSPORA SPP. Y ENTROPHOSPORA SPP.,MYCORAL,MYCORAL LTDA,"""3 ESPORAS VIABLES/G""",SUSTRATO SOLIDO,NO DEFINIDO
3126,FEROMONAS FARNESOL &,CRYSTAL ACTI- MITES,DISTRIBUIDORA DE PRODUCTOS,"""FRANESOL 97 G/L. NEROLIDOL 79 G/L""",CONCENTRADO SOLUBLE (SL),NO DEFINIDO
3188,FEROMONA E-3 DODECENYL ACETATO,FEROMEX,MERX INTERNATONAL LTDA,"""3-DODECEN-1-OL(E) 98%. 3-DODECEN-1-""",NO DEFINIDO,NO DEFINIDO
3189,BACILLUS LATEROSPORUS (2 CEPAS)   BACILLUS MYCOIDES,BIOSTART WP,SOLUCIONES BACTERIALES COLOMBIA LTDA SOLUBACT,"""1X10^8 UFC/ML""",POLVO,NO DEFINIDO
3346,ACETOBACTER DIAZOTROPHICUS GEOTRICHUM PENICILLATUM,BIOTER,SOLUCIONES BACTERIALES COLOMBIA LTDA SOLUBACT,"""Acetobacter diazotrophicus: 1X10^9 UFC/ml; Geotrichum penicillatum: 1x10^10 UFC/ml""",CONCENTRADO SOLUBLE (SL),NO DEFINIDO
3412,BEAUVERIA BASSIANA,BROCARIL¨ WP,LAVERLAM S.A.,"""2 X 10_ CONIDIAS/g""",POLVO MOJABLE (WP),NO DEFINIDO
3413,METARHIZIUM ANISOPLIAE,DESTRUXIN¨ WP,LAVERLAM S.A.,"""2 X 10_ CONIDIAS/g""",POLVO MOJABLE (WP),NO DEFINIDO
3474,MICORRIZAS DE LOS GENEROS GLOMUS SPP ACAULOSPORA SPP ENTROSPHORA SPP & GIGASPORA SPP,MICORRIZAR,AGROTECNIA LTDA,"""30-40 ESPORAS VIABLES/g DE SUELO""",POLVO SECO (WP),NO DEFINIDO
3529,BEAUVERIA BASSIANA,CEBIOPEST,FUNDACION CENTRO DE BIOTECNOLOGIA MARIANO OSPINA PEREZ,"""NO Definidos""",NO DEFINIDO,NO DEFINIDO
3659,BEAUVERIA BASSIANA,BROCAVEC,EMPRESA COLOMBIANA DE PRODUCTOS VETERINARIOS VECOL S.A,"""4 X 10__ CONIDIAS/g""",POLVO MOJABLE (WP),NO DEFINIDO
3853,TRICHODERMA LIGNORUM,MYCOBAC WP,LAVERLAM S.A.,"""2 X 10_ CONIDIAS VIABLES/g % DE GERMINACION _87% A LAS 24 HORAS""",POLVO MOJABLE (WP),NO DEFINIDO
3855,PAECILOMYCES LILACINUS,BIOSTAT WP,LAVERLAM S.A.,"""2 X 10_ CONIDIAS/G""",POLVO MOJABLE (WP),NO DEFINIDO
4080,ACETATO DE E-3- DODECENILO,POLILLARURE,COMERCIALIZADORA C.C,"""1000 g/Kg""",EMISOR DE VAPORES (VP),NO DEFINIDO
4166,BEAUVERIA BASSIANA,BOTANIGARD 22 WP,LAVERLAM S.A.,"""3X10__ CONIDIAS/g""",POLVO MOJABLE (WP),NO DEFINIDO
4167,BEAUVERIA BASSIANA,MYCOTROL S.E.,LAVERLAM S.A.,"""1 x 10_ CONIDIAS/ml""",SUSPOEMULSION (SE),NO DEFINIDO
4356,EXTRACTO DE AJO (ALLIUM SATIVUM) EXTRACTO DE  AJI (CAPSICUM ANNUUM) LIMONENO DISULFURO DE ALILO CAPSAISIN ACIDO NICOTINICO CAROTENOIDES OTROS,ALISIN,SAFER AGROBIOLOGICOS S.A.S,"""AJO (ALLIUM SATIVUM) 100 G/L AJI (CAPSICUM ANNUUM) 100 G/L LIMONENO 7.76 % (7.76 G/L) DISULFURO DE ALILO 1.3 % (12.61 G/L) CAPSAISINA 0.05 %""",CONCENTRADO EMULSIONABLE (EC),NO DEFINIDO
4357,RUDA,RUTINAL,SAFER AGROBIOLOGICOS S.A.S,"""RUDA (100 g/L) EQUIVALENTE A RUTIN HIDROLATO (19%) UNDECANONA (05%) GRASA (16%)""",CONCENTRADO EMULSIONABLE (EC),NO DEFINIDO
4366,BEAUVERIA BASSIANA,AGRONOVA,LIVE SYSTEMS TECHNOLOGY S.A. LST,"""2.5 X 10__ CONIDIOSPORAS""",GRANULOS DISPERSABLES,NO DEFINIDO
4367,BEAUVERIA BASSIANA CEPA DSM 12256,BIOEXPERT,LIVE SYSTEMS TECHNOLOGY S.A. LST S.A,"""5 X 10__ CONIDIAS VIABLE/L 4 G/100G PRODUCTO""",SUSPENSION CONCENTRADA (SC),NO DEFINIDO
4511,EXTRACTO DE ALISINA Y CAPSICINA,HIDROLATO DE AJO- AJI AGRISAN,ABONOS SUPERIOR LTDA,"""ALISINA 007/L CAPSICINA 003 G/L""",CONCENTRADO SOLUBLE (SL),NO DEFINIDO
4512,EXTRACTO DE NICOTINA,HIDROLATO DE TABACO AGRISAN,ABONOS SUPERIOR LTDA,"""NICOTINA 045 G/L""",EMULSION ACEITE EN AGUA (EW),NO DEFINIDO
4512,EXTRACTO DE NICOTINA,HIDROLATO DE TABACO AGRISAN,ABONOS SUPERIOR LTDA,"""NICOTINA 0.45 G/L""",EMULSIîN ACEITE EN AGUA (EW),NO DEFINIDO
4573,TRICHODERMA HARZIANUM,TRICHO D. WP,BIOTECH-ORIUS S.A.S,"""1 X 10_ ESPORAS /g""",POLVO MOJABLE (WP),NO DEFINIDO
4658,TRICHODERMA HARZIANUM TRICHODERMA KONINGII TRICHODERMA VIRIDE,FITOTRIPEN WP,NATURAL CONTROL S.A,"""1 X 10_ ESPORAS VIABLES/G""",POLVO MOJABLE (WP),NO DEFINIDO
4677,TRICHODERMA HARZIANUM,BIOREGULAX WP,BIOTECH-ORIUS S.A.S,"""1 X 10_ ESPORAS VIABLES/G""",POLVO MOJABLE (WP),NO DEFINIDO
4678,TRICHODERMA HARZIANUM,BIOFUNGO WP,BIOTECH-ORIUS S.A.S,"""1 X 10_ ESPORAS/g 20%""",POLVO MOJABLE (WP),NO DEFINIDO
4679,BEAUVERIA BASSIANA METARHIZIUM ANISOPLIAE PAECILOMYCES LILACINUS,FUNGIO WP,BIOTECH ORIUS S.A.S,"""1x10_ UFC/g""",POLVO MOJABLE (WP),NO DEFINIDO
4680,BEAUVERIA BASSIANA METARHIZIUM ANISOPLIAE PAECILOMYCES LILACINUS,EXPORAXXX WP,BIOTECH ORIUS S.A.S,"""1 X 10_ ESPORAS/g""",POLVO MOJABLE (WP),NO DEFINIDO
4716,AZOTOBACTER CHROOCOCCUM,DIMARGON,BIOCULTIVOS S.A,"""1X10^8 UFC/mL""",SUSPENSION CONCENTRADA (SC),NO DEFINIDO
4717,PENICILLIUM JANTHINELLUM,FOSFOBIOL WP,BIOCULTIVOS S.A,"""1X10^8 ESPORAS/ml""",SUSPENSION CONCENTRADA (SC),NO DEFINIDO
4718,AZOTOBACTER CHROOCOCCUM & AZOSPIRILLUM SP,DIMAZOS SC,BIOCULTIVOS S.A,"""1X10^8 UFC/ml""",SUSPENSION CONCENTRADA (SC),NO DEFINIDO
4746,BACILLUS THURINGIENSIS VAR. KURSTAKI,BACILLUS AGROGEN WP,YASER LTDA,"""6.4% 32000 UNIDADES DE POTENCIA INSECTICIDA POR MILIGRAMO DE PRODUCTO COMERCIAL""",POLVO MOJABLE (WP),NO DEFINIDO
4747,TRICHODERMA LIGNORUM,TRICHOGEN WP,YASER S.A.S,"""1 X 10_ CONIDIAS VIABLES/g 85% DE GERMINACIîN A LAS 24 HORAS""",POLVO MOJABLE (WP),NO DEFINIDO
4748,TRICHODERMA VIRIDE,TRIFESOL WP,BIOCULTIVOS S.A,"""1 X 10_ CONIDIAS/g""",POLVO SOLUBLE (SP),NO DEFINIDO
4757,PHYTOSEIULUS PERSIMILIS,SPIDEX,KOPPERT COLOMBIA S.A.S,"""2000 UNIDADES (INDIVIDUOS) EN BOTELLAS DE 100 ML""",INIDIVIDUOS VIVOS,NO DEFINIDO
4775,AZOSPIRILLUM BRASILENSE AZOTOBACTER CHROOCOCCUM LACTOBACILLUS ACIDOPHILUS SACCHAROMYCES CEREVISIAE.,OROSUELO SC,BIOTECH ORIUS S.A.S,"""1X10^4 UFC/ML DE A. BRASILENCE; 1X10^4 UFC/mL DE A. CHROOCOCCUM; 1x10^4 UFC/ml DE L. ACIDOPHILLUS; 1X10^2 UFC/ml DE S.""",SUSPENSION CONCENTRADA (SC),NO DEFINIDO
4776,AZOSPIRILLUM BRASILENCEAZOTOBACTER CHROOCOCCUM LACTOBACILLUS ACIDOPHILLUS & SACCHAROMYCES CEREVISIAE,DIGESTOR SC,ORIUS BIOTECH S.A.S,"""1X10^4 UFC/ML DE A. BRASILENCE; 1X10^4 UFC/mL DE A. CHROOCOCCUM; 1x10^4 UFC/ml DE L. ACIDOPHILLUS; 1X10^2 UFC/ml DE S.""",SUSPENSION CONCENTRADA (SC),NO DEFINIDO
4777,AZOSPIRILLUM BRASILENCE AZOTOBACTER CHROOCOCCUM LACTOBACILLUS ACIDOPHILLUS & SACCHAROMYCES CEREVISIAE,BACTOSOIL SC,BIOTECH ORIUS S.A.S,"""1X10^4 UFC/ML 1X10^4 UFC/mL 1x10^4 UFC/ml 1X10^2 UFC/ml""",SUSPENSION CONCENTRADA (SC),NO DEFINIDO
4778,TRICHODERMA HARZIANUM,ANTAGON WP,BIOECOLOGICOS S.A.S,"""1 X 10_ CONIDIAS/g""",POLVO MOJABLE (WP),NO DEFINIDO
4783,PAECILOMYCES FUMOSOROSEUS,SUCCESSOR,LIVE SYSTEMS TECHNOLOGY S.A. LST S.A,"""5 X 10__ CONIDIOS/L""",SUSPENSION CONCENTRADA (SC),NO DEFINIDO
4786,GLOMUS SPP.  ACAULOSPORA SPP. Y GIGASPORA SPP.,BIOABONO MICORRIZADO,ALVAREZ GARRIDO CESAR (HUMOS SAN PIO),"""2X10^8 ESPORAS/g; %: 70% RAICES MICORRIZADAS COLONIZADAS""",SUSTRATO SOLIDO,NO DEFINIDO
4893,EXTRACTO DE AJO Y AJI,L' ECOMIX,ECOFLORA AGRO S.A.S,"""EXTRACTO DE AJO 30% (30 G/L) EXTRACTO DE AJI 04% (40 G/L)""",CONCENTRADO SOLUBLE (SL),NO DEFINIDO
4924,MICORRIZAS DE LOS GENEROS GLOMUS SPP. ACAULOSPORA SPP. ENTROPHOSPORA SPP. Y SCUTELLOSPORA SPP,MICORRIZAGRO,NATURAL CONTROL S.A,"""230 ESPORAS POR GRAMOS DE SUELO""",SUSTRATO SOLIDO,NO DEFINIDO
4926,EXTRACTO DE AJO,ELMATAS,AGROBIOLOGICOS DEL AJO S.A,"""AJO 317%""",CONCENTRADO EMULSIONABLE,NO DEFINIDO
4934,BACILLUS THURINGIENSIS VAR. KURSTAKI CEPA CIB 172- 0451,TURIVEC¨,EMPRESA COLOMBIANA DE PRODUCTOS VETERINARIOS VECOL S.A,"""13 X 10_ ESPORAS VIABLES/mL 20 g/L""",CONCENTRADO EMULSIONABLE (EC),NO DEFINIDO
4939,EXTRACTO DE AJO Y AJI,FUNGINEITOR,AGROBIOLOGICOS DEL AJO S.A,"""AJO 266% AJI 47%""",CONCENTRADO EMULSIONABLE,NO DEFINIDO
5315,TRICHODERMA HARZIANUM,TRICHODERMUS,BIOLOGICOS Y ECOLOGICOS DE COLOMBIA LTDA,"""9 X10_ CONIDIAS/g 50%""",POLVO MOJABLE (WP),NO DEFINIDO
5346,TRICHODERMA HARZIANUM DSM 14944,AGROGUARD¨,LIVE SYSTEMS TECHNOLOGY S.A. LST S.A,"""5 X 10_ CONIDIAS VIABLES/g = 2%""",GRANULOS DISPERSABLES (WP),NO DEFINIDO
5397,TRICHODERMA LIGNORUM,TRICHOBIOL WP,ARTURO ORLANDO MORA JARAMILLO BIOCONTROL,"""1 X 10_ CONIDIAS/g""",POLVO MOJABLE (WP),NO DEFINIDO
5480,LACTOBACILLUS CASEI RHODOPSEUDOMONAS PALUSTRIS& SACCHAROMYCES CEREVISIAE,EM-INOCULO MICROBIAL PARA COMPOSTAJE,FUNDASES-FUNDACION DE ASESORIAS PARA EL SECTOR RURAL,"""1.0X10_ UFC/ml 2.0X10_ UFC/ml 2.5X10_ UFC/ml""",SUSPENSION CONCENTRADA (SC),NO DEFINIDO
5543,AZOTOBACTER CHROOCOCCUM,MONIBAC,CORPORACION COLOMBIANA DE INVESTIGACION AGROPECARIA - CORPOICA,"""1X10^8 UFC/g""",SUSTRATO SOLIDO,NO DEFINIDO
5558,EXTRACTO DE AJO Y AJI,CAPSIALIL¨,ECOFLORA AGRO S.A.S,"""AJO 542% (542 G/L) AJI 434% (434 G/L)""",CONCENTRADO SOLUBLE (SL),NO DEFINIDO
5614,BACULOVIRUS PHTHORIMAEA,BACULOVIRUS CORPOICA,CORPORACION COLOMBIANA DE INVESTIGACION AGROPECARIA - CORPOICA,"""0.05 % (EQUIVALENTES LARVALES 2/100 g)""",POLVO SECO (DP),NO DEFINIDO
5673,BEAUVERIA BASSIANA CEPA BB 9205,MUSCARDIN WP,BIOECOLOGICOS S.A.S,"""1 X 10_ CONIIDIAS VIABLES/g""",POLVO MOJABLE (WP),NO DEFINIDO
5725,EXTRACTO AZADIRACHTA INDICA AZADIRACTINA A Y B,NEEMAZAL 12 E.C,INSUMOS BIOLOGICOS DE COLOMBIA IBICOL,"""12ML/L* 1.2%""",CONCENTRADO EMULSIONABLE (EC),NO DEFINIDO
5798,BACILLUS SUBTILLIS,RHAPSODY¨ 1.34 SC,BAYER S.A,"""1 X 10_ UFC/g""",SUSPENSION CONCENTRADA (SC),NO DEFINIDO
5859,AZOSPIRILLUM BRASILENSE AZOTOBACTER CHROOCOCCUM LACTOBACILLUS ACIDOPHILLUS Y SACCHAROMYCES CEREVISIAE,BACTHON SC,BIOTECH ORIUS S.A.S,"""1X10_ UFC/mL + 1XX10_ UFC/mL + 1X10_ UFC/mL + 1XX10_ UFC/mL""",SUSPENSION CONCENTRADA (SC),NO DEFINIDO
5860,BEAUVERIA BASSIANA,BOVETROPICO WP,SOLUCIONES MICROBIANAS DEL TROPICO S.A.S,"""1X10_ ESPORAS/g 25%""",POLVO MOJABLE (WP),NO DEFINIDO
5870,TRICHODERMA HARZIANUM,TRICHOLLANOS WP,LABORATORIO BIOLOGICO LA AVISPITA,"""10X10_ CONIDIAS/g""",POLVO MOJABLE (WP),NO DEFINIDO
5886,TRICHODERMA VIRIDE,TRIFESOL SC,BIOCULTIVOS S.A,"""1 X 10_ UFC/ML""",SUSPENSION CONCENTRADA,NO DEFINIDO
5892,EXTRACTO DE NEEM (AZADIRACTA INDICA),BIONEEM,BIOTROPICAL S.A,"""EXTRACTO DE NEEM (AZADIRACTA INDICA) 20%""",CONCENTRADO EMULSIONABLE (EC),NO DEFINIDO
5950,EXTRACTO DE LIMON NO COMESTIBLE (SWINGLEA GLUTINOSA),ECOSWING,ECOFLORA AGRO S.A.S,"""EXTRACTO DE LIMON NO COMESTIBLE 967% (967 G/L)""",CONCENTRADO SOLUBLE (SL),NO DEFINIDO
5952,AZOTOBACTER CHROOCOCCUM PSEUDOMONA AUREOFACIENS BACILLUS SUBTILLIS BACILLUS LINCHENIFORMIS & BACILLUS MEGATERIUM,ECOTERRA WG,LIVE SYSTEMS TECHNOLOGY S.A. LST S.A,"""2X10^10 UFC/g DE CADA MICROORGANISMO""",GRANULOS DISPERSABLES (WP),NO DEFINIDO
5970,TRICHODERMA HARZIANUM & TRICHODERMA KONINGII,TRICHOTROPICO WP,SOLUCIONES MICROBIANAS DEL TROPICO S.A.S,"""1 X 10_ ESPORAS/g""",POLVO MOJABLE (WP),NO DEFINIDO
5973,BACILLUS SUBTILLIS,SERENADE¨ 1.34 SC,BAYER S.A,"""1 X 10_ UFC/g 1.34%""",SUSPENSION CONCENTRADA (SC),NO DEFINIDO
6014,TRICHODERMA HARZIANUM CEPA DSM 14944,FOLIGUARD SC,LIVE SYSTEMS TECHNOLOGY S.A. LST S.A,"""5 X 10_ CONIDIAS VIABLES/ML""",SUSPENSION CONCENTRADA (SC),NO DEFINIDO
6051,BEAUVERIA BASSIANA BIOPROTECCION CEPA 001,MICOSIS WP,BIOPPROTECCION S.A.S,"""1 X 10__ ESPORAS/g""",POLVO MOJABLE (WP),NO DEFINIDO
6057,METARHIZIUM ANISOPLIAE CEPA DSM 15168,DEEPGREEN¨ SC,LIVE SYSTEMS TECHNOLOGY S.A. LST S.A,"""1 X 10_ CONIDIAS VIABLES/ML""",SUSPENSION CONCENTRADA (SC),NO DEFINIDO
6073,MICORRIZAS DE LOS GENEROS GLOMUS SPP ENTROSPHOSPORA SPP ACAULOSPORA SPP & SCUTELLOSPORA SPP,MYCOBIOL,CORPORACION COLOMBIANA DE INVESTIGACION AGROPECARIA - CORPOICA,"""60±10 esporas/gramo""",POLVO,NO DEFINIDO
6098,MICORRIZAS DE LOS GENEROS GLOMUS SPP ENTROSPHOSPORA SPP ACAULOSPORA SPP & SCUTELLOSPORA SPP,MICORRIZAS MYCORRIZZ,SUPELANO PRADA & CIA SUPPRA,"""35 - 40 ESPORAS/g DE SUELO""",POLVO,NO DEFINIDO
6103,RHIZOBIUM LEGUMINOSARUM BV. PHASEOLI,RHIZOBIOL - FRIJOL,CORPORACION COLOMBIANA DE INVESTIGACION AGROPECARIA - CORPOICA,"""1X10^8 UFC/g DE PRODUCTO""",POLVO,NO DEFINIDO
6113,BEAUVERIA BASSIANA METARHIZIUM ANISOPLIAE PAECILOMYCES LILACINUS TRICHODERMA SPP SACCHAROMYCES CEREVISIAE TRICHODERMA SP,TROPIMEZCLA WP,SOLUCIONES MICROBIANAS DEL TROPICO S.A.S,"""1X10_ ESPORAS/g""",POLVO MOJABLE (WP),NO DEFINIDO
6114,EXTRACTO VEGETAL DE AJO Y AJI,CAPSICIN PARAFINADO AGRISAN,ABONOS SUPERIOR LTDA,"""AJO: ALISIN 2PROPENO-1-ACIDO SULFINOTIOICO S-2 PROPILEISTE = 007 G/L. AJI: CAPSIACIN E- N-(4-HIDROXY-3- METHOXYBEZYL)-8- METHYLNON-6""",CONCENTRADO SOLUBLE (SL),NO DEFINIDO
6140,LACTOBACILLUS BREVIS & SACCHAROMYCES CEREVISIAE,PROBIO BALANCE +,INSUMOS BIOLOGICOS DE COLOMBIA IBICOL S.A.S,"""80x10_ UFC/ml 60x10_ UFC/ml""",CONCENTRADO SOLUBLE (SL),NO DEFINIDO
6186,TRICHODERMA HARZIANUM SACCHAROMYCES CEREVISIAE,TROMBO WP,«BIO-CROP LTDA,"""20x10_ UFC/gramo de producto + 10x10_ UFC/gramo de producto""",POLVO MOJABLE WP,NO DEFINIDO
6204,BURKHOLDERIA CEPACIA,BOTRYCID,NATURAL CONTROL LTDA,"""1 X 10_ UFC/g""",CONCENTRADO SOLUBLE (SL),NO DEFINIDO
6213,TRICHODERMA HARZIANUM,PRQTECTOR WP,BIO-CROP S.A.S,"""2 X 10_ UFC VIABLES/G 50%""",POLVO MOJABLE (WP),NO DEFINIDO
6226,PAECILOMYCES LILACINUS,PAECILOTROPICO WP,SOLUCIONES MICROBIANAS DEL TROPICO S.A.S,"""1 X 10_ ESPORAS/g""",POLVO MOJABLE (WP),NO DEFINIDO
6237,OXIDO DE SILICIO (TIERRA DE DIATOMEAS),DIATOMEC,ALTEO S.A.S,"""0.843""",POLVO SECO (DP),NO DEFINIDO
6247,PAECILOMYCES LILACINUS,NEMOCROP WP,BIO-CROP S.A.S,"""2 X 10_ UFC/g""",POLVO MOJABLE (WP),NO DEFINIDO
6254,PAECILOMYCES LILACINUS,SAFELOMYCES WP,NATURAL CONTROL LTDA,"""1 X 10_ ESPORAS VIABLES/g""",POLVO MOJABLE (WP),NO DEFINIDO
6296,EXTRACTO DE ARBOL DE TE (MELALEUCA ALTERNIFOLIA),TIMOREX GOLD 238 EC,STOCKTON COLOMBIA S.A.S,"""0.0238""",CONCENTRADO EMULSIONABLE (EC),NO DEFINIDO
6301,TRICHODERMA HARZIANUM,BIODERMA,BIOTROPICAL S.A,"""1 X 10__ CONIDIAS/g""",POLVO MOJABLE (WP),NO DEFINIDO
6373,PAECILOMYCES LILACINUS CEPA DSM 15169,NEMATA SC,LIVE SYSTEMS TECHNOLOGY S.A. LST,"""1 X 10__ UFC/ml""",SUSPENSION CONCENTRADA,NO DEFINIDO
6379,TRICHODERMA HARZIANUM,FITOBAC,ORGANIZACION PAJONALES S.A,"""1 X 10_ CONIDIOS/g""",POLVO MOJABLE (WP),NO DEFINIDO
6385,BACILLUS PUMILIS RAZA (QST 2808),SONATA ¨ 1.38 SC,BAYER S.A,"""1 X 10_ UFC/g 1.38%""",SUSPENSION CONCENTRADA (SC),NO DEFINIDO
6387,LACTOBACILLUS CASEI SACCHAROMYCES CEREVISIAE RHODOPSEUDOMONA PALUSTRIS,EM-1,FUNDACION DE ASESORIAS PARA EL SECTOR RURAL- CIUDAD DE DIOS - FUNDASES,"""1.0X10_ UFC/ml 2.0x10_ UFC/ml 2.5x10_ UFC/ml""",SUSPENSION CONCENTRADA (SC),NO DEFINIDO
6405,MICORRIZAS  DE LOS GENEROS GLOMUS SPP ENTROSPHOSPORA SPP & SCUTELLOSPORA SPP,ABONAMOS MICORRIZAS,SOLUCIONES BIOTECNOLOGICAS Y AGROAMBIENTALES S.A.S SOBIOTECH S.A.S,"""50 ESPORAS/g DE SUELO SECO""",SUSTRATO SOLIDO,NO DEFINIDO
6455,GLOMUS SPP ENTROSPHOSPORA SPP ACAULOSPORA SPP,MYCOFERT,PERKINS LTDA,"""5 ESPORAS/g DE SUELO DE SUELO""",SUSTRATO SOLIDO,NO DEFINIDO
6520,AZOTOBACTER CHROOCOCCUM,AZOBAC,FUNDACION DE ASESORIAS PARA EL SECTOR RURAL- CIUDAD DE DIOS - FUNDASES,"""1X10^8 UFC/ml""",SUSPENSION CONCENTRADA (SC),NO DEFINIDO
6541,GLOMUS SP,BIOMONTE,FUNDACION SAN ISIDRO,"""20 ESPORAS/g DE SUELO SECO""",POLVO SECO (DP),NO DEFINIDO
6558,EXTRACTO DE QUILLAY SAPONINAS+SNS (SOLIDOS NO SAPONINAS COMO,QL AGRI 35 SL,BASF QUIMICA COLOMBIANA S.A,"""EXTRACTO DE QUILLAJA SAPONARIA (SAPONINAS + SOLIDOS NO SAPONINAS COMO POLIFENOLES SALES Y AZUCARES)POLIFENOLES SALES Y AZUCARES)""",CONCENTRADO SOLUBLE (SL) POLIFENOLES SALE SY AZUCARES) 350,NO DEFINIDO
6570,RHIZOBIUM LEGUMINOSARUM B.V.,RHIZOBIOL ARVEJA,CORPORACION COLOMBIANA DE INVESTIGACION AGROPECARIA - CORPOICA,"""1X10^8 UFC/g""",POLVO SECO (DP),NO DEFINIDO
6593,BRADYRHIZOBIOM JAPONICUM,RHIZOBIOL SOYA J- 96,CORPORACION COLOMBIANA DE INVESTIGACION AGROPECARIA - CORPOICA,"""33X10^8 UFC/g""",POLVO SECO (DP),NO DEFINIDO
6776,PENICILLIUM JANTHINELLUM,FOSFOBIOL SC,BIOCULTIVOS S.A,"""1X10^8 ESPORAS/ml""",SUSPENSION CONCENTRADA (SC),NO DEFINIDO
6777,TRICHODERMA ATROVIRIDE,TRICHOINPRO WP,INPROARROZ LTDA,"""1 X 10_ ESPORAS/g""",POLVO MOJABLE (WP),NO DEFINIDO
6818,PAECILOMYCES LILACINUS,NEMAROOT,INNOVAK COLOMBIA LTDA,"""1 X 10_ ESPORAS/g""",POLVO MOJABLE (WP),NO DEFINIDO
6857,EXTRACTO DE PLANTAS DE LA FAMILIA RUBIACEAE,SINBABOSAS ECOFLORA,ECOFLORA AGRO S.A.S,"""ALCALOIDES EXTRAIDOS DE PLANTAS DE LA FAMILIA RUBIACEAE 33% (330 g/KG)""",POLVO SECO (DP),NO DEFINIDO
6912,MICORRIZAS DE LOS GENEROS GLOMUS SPP & ACAULOSPORA SPP,NITRAFOS MICORRIZADO 15%,SOLUCIONES BIOTECNOLOGICAS Y AGROAMBIENTALES S.A.S SOBIOTECH S.A.S,"""20 ESPORAS VIABLE POR GRAMO""",SUSTRATO SOLIDO,NO DEFINIDO
6925,BACILLUS SUBTILIS,PROPHYTEX EC,LAVERLAM S.A.,"""1 X 10_ UFC/ml""",CONCENTRADO EMULSIONABLE (EC),NO DEFINIDO
6950,LECANICILLIUM LECANI,VERCANI WP,NATURAL CONTROL S.A,"""1 X 10_ ESPORAS VIABLES/g""",POLVO MOJABLE (WP),NO DEFINIDO
7055,TRICHODERMA HARZIANUM,TRICHOFUS WP,SANITEX S.A.S,"""2 X 10_ CONIDIAS/G GERMINACION DE ESPORAS: > 90% METODO DE GERMINACION DE ESPORAS EN MEDIO DE CULTIVO.""",POLVO MOJABLE (WP),NO DEFINIDO
7056,BEAUVERIA BRONGNIARTI,BEBROG WP,SANITEX S.A.S,"""2 X 10_ CONIDIAS/g""",POLVO MOJABLE (WP),NO DEFINIDO
7071,BEAUVERIA BASSIANI,BASIBIOL WP,SANITEX S.A.S,"""2 X 10_ CONIDIAS/G""",POLVO MOJABLE (WP),NO DEFINIDO
7073,METARHIZIUM ANISOPLIAE,METABIOL WP,SANITEX S.A.S,"""2 X 10_ CONIDIAS/G""",POLVO MOJABLE (WP),NO DEFINIDO
7146,TRICHODERMA VIRIDE,TRIFESOL 1000 WP,BIOCULTIVOS S.A,"""1 X 10_ CONIDIAS/G % DE VIABILIDAD DE CONIDIAS: > 79%* A LAS 48 HORAS DE INCUBACION EN AGAR AGUA""",POLVO MOJABLE (WP),NO DEFINIDO
7147,TRICHODERMA VIRIDE,TRIFESOL 1000 SC,BIOCULTIVOS S.A,"""1 X 10_ CONIDIAS/ML; % DE VIABILIDAD DE CONIDIAS: > 79%* A LAS 48 HORAS DE INCUBACION EN AGAR AGUA""",SUSPENSION CONCENTRADA (SC),NO DEFINIDO
7148,PENICILLIUM JANTHINELLUM,FOSFOBIOL 1000 WP,BIOCULTIVOS S.A,"""1X10^8 ESPORAS/ML""",POLVO MOJABLE (WP),NO DEFINIDO
7149,PENICILLIUM JANTHINELLUM,FOSFOBIOL 1000 SC,BIOCULTIVOS S.A,"""1X10^8 ESPORAS/ML""",SUSPENSION CONCENTRADA (SC),NO DEFINIDO
7330,BRADYRHIZOBIUM JAPONICUM,BIAGRO 10,DIBICOL LTDA,"""2X109 UFC/G""",POLVO,NO DEFINIDO
7335,EXTRACTO DE SOPHORA SPP.,ADN MITE 1,ADN ADELANTE S.A.S,"""MATRINE 06g ± 02 g/L""",CONCENTRADO SOLUBLE (SL),NO DEFINIDO
7362,METARHIZIUM ANISOPLIAE,METATROPICO  WP,SOLUCIONES MICROBIANAS DEL TROPICO S.A.S,"""1 X 10_ ESPORAS /g""",POLVO MOJABLE (WP),NO DEFINIDO
7381,PAENIBACILLUS POPILLIAE,DUTKI,AGROBIOLOGICOS DE COLOMBIA S.A,"""1 X 10_ UFC/g""",POLVO MOJABLE (WP),NO DEFINIDO
7383,BEAUVERIA BASSIANA BACILLUS THURINGIENSIS,BASSAR WP,NATURAL CONTROL S.A,"""1 X 10_ ESPORAS/g Y 1 X 10_ESPORAS/g""",POLVO MOJABLE (WP),NO DEFINIDO
7384,TRICHODERMA HARZIANUM,AGROINT-T,EDGAR YAMIL ACOSTA LOPEZ PROPIETARIO DE AGROINSUMOS BIOLOGICOS,"""1 X 10_ ESPORAS VIABLES/g 4%""",POLVO MOJABLE (WP),NO DEFINIDO
7397,AZOSPIRILLUM BRASILENSE & PSEUDOMONAS FLUORESCENS,PHOEBUS FLO,AGRO ADVANCE TECHNOLOGY S.A.S,"""16x10^7 UFC/ML DE A. BRASILENCE; 19x10^8 UFC/ML DE P. FLUORESCENS""",SUSPENSION CONCENTRADA (SC),NO DEFINIDO
7552,BEAUVERIA BASSIANA,BEAUVERIAINPRO WP,INDUSTRIA PRODUCTORA DE ARROZ INPROARROZ S.A.,"""2X10_ ESPORAS VIABLES/G GERMINACION DE ESPORAS VIABLES ³80% A LAS 24 HORAS""",POLVO MOJABLE (WP),NO DEFINIDO
7553,METARHIZIUM ANISOPLIAE,INPROMETARHIZIUM WP,INDUSTRIA PRODUCTORA DE ARROZ INPROARROZ S.A.,"""1 X 10__ ESPORAS VIABLES/G GERMINACION ESPORAS VIABLES > 55% A LAS 24 HORAS""",POLVO MOJABLE (WP),NO DEFINIDO
7562,BACILLUS THURINGIENSIS VAR. THURINGIENSIS,BITOXIBACILLIN WP,PLANTADOR COLOMBIA LTDA,"""99.8 X 10_ UFC/G = 90.0 g/KG""",POLVO MOJABLE (WP),NO DEFINIDO
7563,PAECILOMYCES FUMOSOROSEUS CEPA BPF2,ACAREX,BIO-CROP S.A.S,"""5 X 10_ UFC VIABLES/cc; ESPORULACION DEL HONGO EN BLLANCO BIOLOGICO > 90% A LOS 9 DIAS""",SUSPENSION CONCENTRADA (SC),NO DEFINIDO
7614,TRICHODERMA HARZIANUM,TRIBIOL WG,BIOPROTECCION S.A.S,"""5 X 10_ ESPORAS/G""",GRANULOS DISPERSABLES (WP),NO DEFINIDO
7667,BEAUVERIA BASSIANA CEPA BB005,CADETE SC MYCROS,MYCROS INTERNACIONAL S.A.S,"""5 X 10_ CONIDIAS VIABLES/ML""",SUSPENSION CONCENTRADA (SC),NO DEFINIDO
7668,PAECILOMYCES FUMOSOROSEUS,SPORADA SC MYCROS,MYCROS INTERNACIONAL S.A.S,"""5 X 10_ CONIDIAS VIABLES/ML""",SUSPENSION CONCENTRADA (SC),NO DEFINIDO
7669,TRICHODERMA HARZIANUM CEPA BTH003,BLINDER SC MYCROS,MYCROS INTERNACIONAL S.A.S,"""5 X 10_ CONIDIAS VIABLES/g""",SUSPENSION CONCENTRADA (SC),NO DEFINIDO
7670,PAECILOMYCES LILACINUS,HUESPED SC MYCROS,MYCROS INTERNACIONAL S.A.S,"""4 %Ê=Ê40ÊG/LÊEQUIVALENTESÊAÊ1ÊXÊ10__ÊCONIDIASÊVIABLES/ML""",SUSPENSION CONCENTRADA (SC),NO DEFINIDO
7684,BEAUVERIA BASSIANA BBB004,KONIDIA SC MYCROS,MYCROS INTERNACIONAL S.A.S,"""5 X 10_ CONIDIAS VIABLES/ML""",SUSPENSION CONCENTRADA (SC),NO DEFINIDO
7685,AZOTOBACTER CHROOCOCCUM PSEUDOMONAS FLUORESCENS BACILLUS LICHENIFORMIS BACILLUS SUBTILIS,INTRO SL MYCROS,MYCROS INTERNACIONAL S.A.S,"""4.0X10_ UFC/ML DE AZOTOBACTER CHOROOCOCCUM 3.0X10_ UFC/ML DE PSEUDOMONAS FLUORESCENS 5.0X 10_ UFC/ML DE BACILLUS LICHENIFORMIS 3.0X10_ UFC/ ML DE BACILLUSSUBTILLIS 5.0X 10_UFC/ML TOTAL DEL CONSORCIO 2X10__ UFC/ML*""",CONCENTRADO SOLUBLE (SL),NO DEFINIDO
7686,BACILLUS MEGATERIUM,ACTIFOS SL MYCROS,MYCROS INTERNACINA S.A.S.,"""7X10_ UFC/ml 7X10_ UFC/ml 6X10_UFC/ml 2X10__ UFC/ml""",CONCENTRADO SOLUBLE (SL),NO DEFINIDO
7806,AZOTOBACTER CHROOCOCCUM,NITROBAC SC,ORGANIZACION PAJONALES S.A,"""1X10^8 UFC/ML""",SUSPENSION CONCENTRADA (SC),NO DEFINIDO
7807,PSEUDOMONAS FLUORESCEN,FOSFOBACTER,ORGANIZACION PAJONALES S.A,"""1X10^8 UFC/ML""",SUSPENSION CONCENTRADA (SC),NO DEFINIDO
7864,TRICHOGRAMMA EXIGUUM,TRICHOGRAMMA EXIGUUM INBECOL,PUENTE Y OSPINA CIA S EN C - INBECOL,"""> 2400 INDIVIDUOS EMERGIDOS/TARJETA > 80%""",INIDIVIDUOS VIVOS,NO DEFINIDO
7879,EXTRACTO  DE AJO,ECO A-Z,ECOFLORA AGRO S.A.S,"""EXTRACTO DE AJO 98% (980 G/L)""",CONCENTRADO SOLUBLE (SL),NO DEFINIDO
7880,EXTRACTO DE THYMUS VULGARIS  GAULTHERIA PROCUMBENS Y ACIDO ASCORBICO,PARE ROYALE,BAM S.A,"""EXTRACTO DE THYMUS VULGARIS 56% GAULTHERIA + PROCUMBENS 23% Y ACIDO ASCORBICO 23%""",CONCENTRADO SOLUBLE (SL),NO DEFINIDO
7894,PHYTOSEIULUS PERSIMILIS,ACARIRAPTOR,BICHOPOLIS S.A.S,"""1000 2000 Y 4000 ADULTOS/FRASCO""",INIDIVIDUOS VIVOS,NO DEFINIDO
7906,BEAUVERIA BASSIANA,ADRAL¨,BIO-CROP S.A.S,"""2.9 X 10_ CONIDIAS VIABLES/ML""",SUSPENSION CONCENTRADA (SC),NO DEFINIDO
7908,ALCALOIDES VEGETALES (MATRINAS) EXTRACTOS DE LAS PLANTAS DE LA FAMILIA DE LAS FABACEAS,ADN MILBE,ADN ADELANTE S.A.S,"""0.4g/L + /- 0.2g/L*(0.04%)""",CONCENTRADO SOLUBLE (SL),NO DEFINIDO
7909,EXTRACTO DE SOPHORA SPP.,ADN GREEN,ADN ADELANTE S.A.S,"""MATRINE 03G± 02 G/L""",CONCENTRADO SOLUBLE (SL),NO DEFINIDO
7920,BACILLUS SUBTILIS,SUBTICROP SL¨,BIO-CROP S.A.S,"""1 X 10_ UFC/cc""",CONCENTRADO SOLUBLE (SL),NO DEFINIDO
7927,AZOSPIRILLUM BRASILENSE SACCHAROMYCES CEREVISIAE PSEUDOMONAS FLUORESCENS BACILLUS SUBTILIS,BIOMERK¨,BIOMERK¨ S.A.S,"""1X10_ UFC/ML DE PRODUCTO FORMULADO""",CONCENTRADO SOLUBLE (SL),NO DEFINIDO
7969,SCUTELLOSPORA SP GLOMUS SP ACAULOSPORA SP ENTROPHOSPORA SP,SAFER MICORRIZAS M.A,SAFER AGROBIOLîGICOS S.A.S,"""MINIMO 240 ESPORAS VIABLES POR GRAMO DE SUELO""",POLVO,NO DEFINIDO
8069,TRICHODERMA HARZIANUM,FUNGIGRASP WP,CORE BIOTECHNOLOGY S.A.S,"""2.0 X 10_ UFC VIABLES POR GRAMO DE PRODUCTO FORMULADO* PORCENTAJE DE VIABILIDAD DE ESPORAS ³40% A LAS 48 HORAS DE INCIBACION""",POLVO MOJABLE (WP),NO DEFINIDO
9013,BACILLUS THURINGIENSIS VAR. KURSTAKI,BAK-TUR WP,BIO-CROP S.A.S,"""22X10__ UFC/g DE PRODUCTO FORMULADO*""",POLVO MOJABLE (WP),NO DEFINIDO
9020,LACTOBACILLUS CASEI SACCHAROMYCES CEREVISIAE,SOBIO-TMO,SOLUCIONES BIOTECNOLOGICAS Y AGROAMBIENTALES S.A.S SOBIOTECH S.A.S,"""1 X 10_ UFC/ML* 1X10_ UFC/ML*""",SUSPENSION CONCENTRADA (SC),NO DEFINIDO
9120,BEAUVERIA BASSIANA,BASSICORE SC,CORE BIOTECHNOLOGY S.A.S,"""2x10^8 conidias/cc""",SUSPENSION CONCENTRADA (SC),NO DEFINIDO
9134,TRICHODERMA ASPERELLUM TRICHODERMA ATROVIRIDE TRICHODERMA HARZIANUM PAECILOMYCES LILACINUS,SAFERSOIL WP,SAFER AGROBIOLOGICOS S.A.S,"""5X10^8 conidias/gramo""",POLVO MOJABLE (WP),NO DEFINIDO
9210,2-METIL-5 ( E ) -HEPTEN- 4 OL,FEROMONA RHYCHOPHOROL C,CORPORACION CENTRO DE INVESTIGACION EN PALMA DE ACEITE CENIPALMA,"""05 ml""",EMISOR DE VAPORES (VP),NO DEFINIDO
9222,BACILLUS THURINGIENSIS VAR. KURSTAKI,BT-NOVA WP,AGRIMORPHO LTDA,"""3200 ufc/mg""",POLVO MOJABLE (WP),NO DEFINIDO
9309,BACILLUS SUBTILIS CEPA B-01,SUBTIKIND EC,CORE BIOTECHNOLOGY S.A.S,"""110x10_ UFC/ML""",CONCENTRADO EMULSIONABLE (EC),NO DEFINIDO
9354,BRADYRHIZOBIUM JAPONICUM,RHIZOBIOL LIQUIDO,CORPORACION COLOMBIANA DE INVESTIGACION AGROPECARIA - CORPOICA,"""110x10_ UFC/ml""",SUSPENSION CONCENTRADA (SC),NO DEFINIDO
9360,BACILLUS SUBTILIS,BAKTILLIS MEZFER,MEZFER  ANDINA SAS,"""1X10^12 UFC/ml""",CONCENTRADO SOLUBLE (SL),NO DEFINIDO
9385,GLOMUS CAFƒ GLOMUS AMBAR ACAULOSPORA NEGRA ACAULOSPORA CAFƒ GIGASPORA ESPOROCARPOS,GLUMIX,MEZFER DE COLOMBIA S.A.S,"""0.05% (20000 ESPORAS VIABLES/Kg)""",GRANULOS DISPERSABLES (WP),NO DEFINIDO
9413,TRICHODERMA HARZIANUM (LCB-TH01),BIO-T,P.L.A. BIOLOGICOS,"""3X10_ UFC/ml""",CONCENTRADO SOLUBLE (SL),NO DEFINIDO
9432,EXTRACTO DE REYNOUTRIA SACHALINENSIS,REGALIA¨,FMC LATINOAMERICA S.A,"""224.00 g/L""",SUSPENSION CONCENTRADA (SC),NO DEFINIDO
9437,AZOTOBACTER CHROOCOCCUM,MONIBAC LIQUIDO,CORPORACION COLOMBIANA DE INVESTIGACION AGROPECARIA - CORPOICA,"""1X10_ UFC/ml""",SUSPENSION CONCENTRADA (SC),NO DEFINIDO
9529,ACAULOSPORA SP ENTROPHOSPORA SP GIGASPORA SP GLOMUS SP SCUTELLOSPORA SP.,MICORRIZAS WORLD ORGANIC,WORLD ORGANIC S.A.S,"""CONCENTRACION MAYOR A 40 ESP/G SUSTRATO""",POLVOS DE APLICACIîN DIRECTA (AP),NO DEFINIDO
9534,BACILLUS SUBTILIS BACILLUS LICHENIFORMIS,ALICERCE¨,FMC LATINOAMERICA S.A,"""1.6X0__ UFC/g*""",POLVO SOLUBLE (SP),NO DEFINIDO
9560,BEAUVERIA BASSIANA METARHIZIUM ANISOPLIAE BACILLUS THURINGIENSIS VAR KURSTAKI,SAFERMIX WP,SAFER AGROBIOLOGICOS S.A.S,"""4X10_ UFC/g 4X10_ UFC/g 1x10_ UFC/g 1x10_ UFC/g""",POLVO MOJABLE (WP),NO DEFINIDO
9571,NEOSEIULUS (ANBLYSEIUS) CALIFORMICUS,SPICAL,KOPPERT COLOMBIA S.A.S,"""5000 INDIVIDUOS/FRASCO 250 Ml 2000 INDIVIDUOS/FRASCO 100 mL""",INIDIVIDUOS VIVOS,NO DEFINIDO
9578,EXTRACTO DE TOMILLO TIMOL (5 METIL-2-1- METIL ETIL) FENOL,BOTRIMIL AGRISAN,ABONOS SUPERIOR S.A.S,"""0.022 g/L""",CONCENTRADO SOLUBLE (SL),NO DEFINIDO
9582,ACETATO DE E-3 DODECENILO,SAFER TECIALURE,SAFER AGROBIOLOGICOS S.A.S,"""0001 GRAMOS/UNIDAD DE SE„UELO""",EMISOR DE VAPORES (VP),NO DEFINIDO
9583,4-ALLYL-12- DIMETOXIBENCENO,SAFER METHYL EUGENOL,SAFER AGROBIOLOGICOS S.A.S,"""2.00 gramos/unidad de se–uelo""",EMISOR DE VAPORES (VP),NO DEFINIDO
9584,TRIMEDLURE MEZCLA DE ISOMEROS DE TERT- BUTIL-4-CLORO-2 METILCICLOHEXANO-1- CARBOXILATO Y TERT- BUTIL 5-CLORO-2- METILCICLOHEXANO-1- CARBOXILATO,SAFER TRIMEDLURE,SAFER AGROBIOLOGICOS S.A.S,"""2.00 gramos/unidad de se–uelo""",EMISOR DE VAPORES (VP),NO DEFINIDO
9585,GRANDLURE 1II GRANDLURE III Y GRANDLURE IV (ALDEHIDOS),SAFER ANTHOLURE,SAFER AGROBIOLOGICOS S.A.S,"""0.0055 GRAMOS/UNIDAD DE SE„UELO""",EMISOR DE VAPORES (VP),NO DEFINIDO
9586,CUELURE 4-P (ACETOXIFENIL)- 2- BUTANONA ACETATO,SAFER CUELURE,SAFER AGROBIOLOGICOS S.A.S,"""2. GRAMOS/UNIDAD DE SE„UELO""",EMISOR DE VAPORES (VP),NO DEFINIDO
9602,PAECILOMYCES LILACINUS,NEMAGRIP WP,CORE BIOTECHNOLOGY S.A.S,"""2X 10_ UFC/ml""",POLVO MOJABLE (WP),NO DEFINIDO
9603,MICELIO EXTERNO DE MVA GLOMUS SP,BIOFERTMEX GRANULADO,MINERALES EXCLUSIVOS S.A,"""5 METROS/g""",GRANULADO (GR),NO DEFINIDO
9604,MICELIO EXTERNO DE MVA GLOMUS SP,BIOFERTMEX SUSPENSION,MINERALES EXCLUSIVOS S.A,"""3.30 METROS/LT""",CONCENTRADO DISPERSABLE (DC),NO DEFINIDO
9610,RHINCOPHEROL (2- METIL-4-HIDROXI-5- HEPTENOL),PALMALURE FG (DISPERSADOR),FITOGRANOS COMERCIALIZADORA AGROINDUSTRIAL LTDA,"""0.750 GRAMOS/UNIDAD DE SE„UELO""",EMISOR DE VAPORES (VP),NO DEFINIDO
9667,METARHIZIUM ANISOPLIAE BACILLUS POPILLIAE,ANISAGRO,NATURAL CONTROL S.A,"""1X10_ ESPORAS POR GRAMO 1X10_ ESPORAS POR GRAMO*""",POLVO MOJABLE (WP),NO DEFINIDO
9697,EXTRACTO DE SOPHORA FLAVESCENS (MATRINE),TALEO 1.5%,ALTEO S.A.S,"""15 g/L""",SUSPENSION CONCENTRADA (SC),NO DEFINIDO
9718,ROMERO HIERBABUENA TOMILLO,ORGATEC,TECNOLOGIAS ECOLOGICAS S.A.S TECNECO,"""1.2% 1.4% 0.8%""",CONCENTRADO EMULSIONABLE (EC),NO DEFINIDO
9754,ACAULOSPORA SP ENTROPHOSPORA SP GIGASPORA SP GLOMUS SP SCUTELLOSPORA SP.,MICORRIZAS CAMPO VERDE,AGRO DISCAR S.A.S,"""CONCENTRACION MAYOR A 27100 ESPORAS VIABLES Kg""",POLVO MOJABLE (WP),NO DEFINIDO
9761,BACILLUS SUBTILIS BACILLUS MEGATERIUM BACILLUS LICHENIFORMIS PSEUDOMONAS AUREOFACIENS AZOTOBACTER CHROOCOCCUM,ECOTERRA SC,LIVE SYSTEMS TECHNOLOGY S.A.S,"""2x10__ UFC DE BACTERIAS VIABLES POR MILIMETRO DE PRODUCTO""",SUSPENSION CONCENTRADA (SC),NO DEFINIDO
9937,PSEUDOMONAS FLUORENSCENS,RIZOFOS¨ LS,RIZOBACTER DE COLOMBIA S.A.S,"""1X10_ UFC/mL""",SOLUCION PARA TRATAR SEMILLAS (LS),NO DEFINIDO
9989,ROGENO ORGANICO (N- ORG) BORO TOTAL (B) CARBONO ORGANICO OXIDABLE TOTAL,CEBOFRUT,SAFER AGROBIOLOGICOS S.A.S,"""24.7 g/L 11g/L 33 g/L""",CONCENTRADO SOLUBLE (SL),NO DEFINIDO
10005,GLOMUS SP ACAULOSPORA SP,FUNGIFERT¨,FUNGIFERT BIOTECHNOLOGY S.A.S,"""MAYOR A 75 ESPORAS VIABLES/GRAMO DE SUELO""",POLVO MOJABLE (WP),NO DEFINIDO
10122,BRADYRHIZOBIUM JAPONICUM,RIZOLIQ TOP¨ LS,RIZOBACTER DE COLOMBIA S.A.S,"""1x10_ UFC/mL""",SOLUCION PARA TRATAR SEMILLAS (LS),NO DEFINIDO
10135,HUEVOS DE S DE SITOTROGA CEREALELLA PARASITADOS POR TRICHOGRAMMA EXIGUUM,TRICHOGRAMMA BIOAGRO,BARCO PARRA LUIS EVELIO BIOAGRO,"""2400 avispas""",INIDIVIDUOS VIVOS,NO DEFINIDO
10150,TRICHODERMA KONINGIOPSIS,TRICOTEC,CORPORACION COLOMBIANA DE INVESTIGACION AGROPECARIA - CORPOICA,"""3.3% 1x10_ UFC/g VIALES""",POLVO MOJABLE (WP),NO DEFINIDO
10150,TRICHODERMA KONINGIOPSIS,TRICOTEC,CORPORACION COLOMBIANA DE INVESTIGACION AGROPECARIA - CORPOICA,"""1x10_ UFC/g VIALES 3.3%""",POLVO MOJABLE (WP),NO DEFINIDO
10286,METARHIZIUM ANISOPLIAE,BIO-MA WG,LABORATORIO PRODUCCION DE ENTOMOPATOGENOS BIOPROTECCION S.A.S,"""1X10__ ESPORAS VIABLES/GRAMO""",GRANULOS DISPERSABLES (WP),NO DEFINIDO
9760,MEZCLAS DE SALES POTASICAS DE ACIDOS GRASOS DE ORIGEN VEGETAL,ECOLIP,TEAM FOODS S.A,"""No Definidos""",CONCENTRADO SOLUBLE (SL),NO DEFINIDO
10298,COMPLEJO DE EXTRACTOS DE CITRICOS / ACIDO CITRICO,CITRUX 15%,ALTEO S.A.S,"""150 g/L""",SUSPENSION CONCENTRADA (SC),NO DEFINIDO
10304,EXTRACTO DE SEPHORA FLAVESCENS (MATRINE),FUNDAMENTAL 5,POINT DE COLMBIA LTDA,"""5 g/L* C.S.P 100%""",CONCENTRADO SOLUBLE (SL),NO DEFINIDO
10312,LECANICILLIUM LECANIL,LECABIOL WG,CORPORACION COLOMBIANA DE INVESTIGACION AGROPECARIA - CORPOICA,"""36% 5X10_ CONIDIOS/g""",GRANULOS DISPERSABLES (WP),NO DEFINIDO
10490,TRICHODERMA HARZIANUM,NATUCONTROL MEZFER,MEZFER ANDINA SAS,"""1X10_ UFC/g* 11.5 G/kG""",POLVO MOJABLE (WP),NO DEFINIDO
10494,EXTRACTO BOTANICO DE CITRICOS,RUTASTAR,FUTURECO BIOSCIENCE S.A.S,"""430 g/L""",CONCENTRADO SOLUBLE (SL),NO DEFINIDO
10593,TRIMEDLURE LIQUIDO,FEROMONA SAFER TRIMEDLURE LIQUIDO,SAFER AGROBIOLOGICOS S.A.S,"""³ 95%""",EMISOR DE VAPORES (VP),NO DEFINIDO
10741,PSEUDOMONAS FLUORESCENS AZOPIRILUM BRASILIENSE,TROPI RHIZOFLO SL,COMPA„êA INTERNACIONAL DE SEMILLAS TROPICALES LTDA- TROPICAL CIS LTDA,"""1X10_ UFC/ml 1X10_ UFC/ml""",SUSPENSION LIQUIDA  SL,NO DEFINIDO
10941,BACILLUS SUBTILIS AZOSPIRILLUN BRASILENCE AZOTOBACTER CHROOCOCCUM PSEUDOMONAS FLUORESCENS,BIO 10,Q-BIOL CALIDAD BIOLOGICA S.A.S,"""1X10__ UFC/ml 1X10_ UFC/ml 1X 10_ UFC/ml 1X10__ UFC/ml""",SUSPENSION CONCENTRADA SC,NO DEFINIDO
10943,EXTRACTO DE PALO SANTO EXTRACTO DE LUPULO,FINITEXª,ECOFLORA AGRO S.A.S,"""380 g/L 70 g/L""",CONCENTRADO EMULSIONABLE EC,NO DEFINIDO
10946,TRIMEDLURE MEZCLA DE ISOMEROS DE TERT- BUTIL-4-CLORO-2 METILCICLOHEXANO-1- CARBOXILATO Y TERT- BUTIL 5-CLORO-2- METILCICLOHEXANO-1- CARBOXILATO,FEROMONA TRIDMELURE PHEROMA,PHEROMA S.A.S,"""2.00 gramos/unidad de se–uelo""",EMISOR DE VAPORES (VP),NO DEFINIDO
10969,(9Z)-9 13 TETRADECADIEN-11- YNAL,SAFERNOMA,SAFER AGROBIOLOGICOS S.A.S,"""0.001g""",EMISOR DE VAPORES VP,NO DEFINIDO
10975,BACILLUS SUBTILIS BACILLUS THURIGENSIS VAR KURSTAKI BACILLUS PUMILIS BACILLUS AMYLOLIQUEFACIENS,NEMABAC,BIOQUIRAMA S.A.S,"""1x10_ UFC /ml 1x10_ UFC/ml 1x10_ UFC/ml 1x10_ UFC/ml""",SUSPENSION CONCENTRADA (SC),NO DEFINIDO
10976,BACILLUS SUBTILIS+ BACILLUS PUMILIS+ BACILLUS THURINGENSIS VAR KURSTAKI+BACILLUS AMYLOLIQUEFACIENS,PROMOBAC,BIOQUIRAMA S.A.S,"""1x10_ UFC /ml 1x10_ UFC/ml 1x10_ UFC/ml 1x10_ UFC/ml""",SUSPENSION CONCENTRADA (SC),NO DEFINIDO
10977,POCHONIA CHLAMYDOSPORIA,POKONIA,BIOQUIRAMA S.A.S,"""1x10_ CONIDIOS VIABLE/ml""",SUSPENSION CONCENTRADA (SC),NO DEFINIDO
10984,EXTRACTO DE CANELA,BANACORE,AGRIANDES DAYMSA S.A,"""0.3""",CONCENTRADO EMULSIONABLE (EC),NO DEFINIDO
11028,BACILLUS LICHENIFORMIS BACILLUS MEGATERIUM BACILLUS SUBTILIS AZOTOBACTER CHROCOCCUM PSEUDOMONAS FLUORESCENS,PROGREEN SL,ALTEO S.A.S,"""1 X 10__ UFC/mL 1 X 10__ UFC/mL 1 X 10__ UFC/mL 1 X 10__ UFC/mL 1 X 10__ UFC/mL""",CONCENTRADO SOLUBLE (SL),NO DEFINIDO
11039,BACILLUS THURINGENSIS VAR KURSTAKI HIRSUTELLA THOMPSONII AKANTHOMYCES JOHNSONII,MIXOMITE,BIOQUIRAMA S.A.S,"""1X10_ 1x10_ 1x10_""",SUSPENSION CONCENTRADA (SC),NO DEFINIDO
11135,AZOSPIRILLUM BRASILENCE+ BACILLUS SUBTILLIS+ PSEUDOMONAS FLUORESCENS+ SACHAROMYCES CEREVISIAE,BIOMERK¨ AG-SP,BIOMERK S.A.S,"""1.3X10__ UFC/ml + 1.3X10__ UFC/ml + 1.3X10__ UFC/ml + 1.0X10__ UFC/ml""",POLVO SOLUBLE(SP),NO DEFINIDO
11156,BACILLUS SUBTILLIS,MYCOFOL SL,ALTEO S.A.S,"""2X10__ UFC/ml""",CONCENTRADO SOLUBLE (SL),NO DEFINIDO
11160,STREPTOMYCES RACEMOCHROMOGENES,ACTYBAC WP,BIOCULTIVOS S.A,"""1X10_ UFC/ml""",POLVO MOJABLE (WP),NO DEFINIDO
11161,TRICHODERMA HARZIANUM TRICHODERMA KONINGIL,TRICHOGEL¨ GL,SOLUCIONES MICROBIANAS DEL TROPICO S.A.S,"""1X10_ ESPORAS VIABLES /g 20%""",GEL EMULSIONABLE (GL),NO DEFINIDO
11168,BACILLUS SUBTILLIS BACILLUS AMYLOLIQUEFASCIENS PSEUDOMONAS MONTINELLI,SOIL ACTIVACTOR,CLABE REPRESENTACIONES COLOMBIANAS LTDA CLABEREP LTDA,"""2X10_ UFC/g 5X10_ UFC/g 2X10_ UFC/g""",POLVO SOLUBLE (SP),NO DEFINIDO
7909,EXTRACTO DE SOPHORA SPP.,ADN GREEN,ADN ADELANTE S.A.S,"""MATRINE 03G± 02 G/L""",CONCENTRADO SOLUBLE (SL),NO DEFINIDO
11180,P-ANISALDEHIDO,FEROMONA TRIP- LURE FG,FITOGRANOS COMERCIALIZADORA AGROINDUSTRIAL LTDA,"""1.035 miligramos/unidad de se–uelo (sachet)_ 730 miligramos/unidad de se–uelo (sachet)""",VP- EMISOR DE VAPORES,NO DEFINIDO
11201,LACTABACILLUS CASEI SACCHAROMYCES CEREVISIAE,AGROGREEN SC,FUNDACION DE ASESORIAS PARA EL SECTOR RURAL CIUDAD DE DIOS- FUNDASES,"""10x10_ UFC/mL + 10X10_ UFC/mL""",SUSPENSION CONCENTRADA (SC),NO DEFINIDO
11234,HUEVOS DE SITOTROGA CEREALELLA PARASITADOS POR TRICHOGRAMMA EXIGUUM,TRICHO-AMA,CORPORACION AGROPECUARIA EN ARMONIA CON EL MEDIO AMBIENTE- CORPORACION AMA,"""2.400 HUEVOS PARASITADOS /PULGADA CUADRDO""",HUEVOS DE Sitotroga cerealella parasitados por Trichogramma exiguum,NO DEFINIDO
11245,NUCLEOPOLIEDROVIRUS DE SPODOPTERA FRUGIPERDA NPV003,SPOBIOL,CORPORACION COLOMBIANA DE INVESTIGACION AGOPECUARIA- CORPOICA,"""34% 1X10_ CUERPOS DE INCLUSION/GRAMO (CI/g)""",POLVO MOJABLE,NO DEFINIDO
11246,GRANULOVIRUS DE ERINNYIS ELLO EEGV,ERYTEC,CORPORACION COLOMBIANA DE INVESTIGACION AGOPECUARIA- CORPOICA,"""34% 1X10_ CUERPOS DE INCLUSION/GRAMO (CI/g)""",POLVO MOJABLE,NO DEFINIDO
11293,BACILLUS SUBTILLIS,BACTOFIT,PLANTADOR COLOMBIA S.A.S,"""2x10_ UFC/G 3.5%""",POLVO MOJABLE,NO DEFINIDO
11235,PAECILOMYCES FUMOSOROSEUS,NOFLY WP,FUTURECO BIOSCIENCE S.A.S,"""2x10_ UFC/g""",POLVO MOJABLE,NO DEFINIDO
11345,2-METIBUTIL (E) -2 METHIL-2 PENTENOATO,RHYZOLURE FG,FITOGRANOS COMERCIALIZADORA AGROINDUSTRIAL LTDA,"""0.0035 gramos/unidad de se–uelo (septa) 0.003 gramos/unidad de se–uelo(septa)""",VP-EMISOR DE VAPORS,NO DEFINIDO
11347,STREPTAMYCES RACEMACHRAMAGENES,ACTYBAC 100 SC,BIOCULTIVOS S.A,"""1X10_ UFC/L*""",SOLUCION CONCENTRADA SC,NO DEFINIDO
11352,TRICHODERMA VIRIDE,TRIFESOL 100 SC,BIOCULTIVOS S.A,"""1X10_ esporas/L""",SUSPENSION CONCENTRADA  SC,NO DEFINIDO
11353,TRICHODERMA VIRIDE,TRIFESOL 100 WP,BIOCULTIVOS S.A,"""1X10_ esporas/Kg""",POLVO MOJABLE WP,NO DEFINIDO
11354,PENICILLIUM JANTHINELLUN,FOSFOBIOL 100 WP,BIOCULTIVOS S.A,"""1X10_ esporas/Kg""",POLVO MOJABLE WP,NO DEFINIDO
11355,PENICILLIUM JANTHINELLUN,FOSFOBIOL 100 SC,BIOCULTIVOS S.A,"""1X10_ esporas/Lt""",SUSPENSION CONCENTRADA SC,NO DEFINIDO
11382,BACILLUS SUBTILIS PENICILLIUM BILAIAE TRICHODERMA HARZIANUM,BIOFIT RUT,INNOVAK COLOMBIA S.A.S,"""1x10_ UFC/g + 1x10_ UFC/g + 1x10_ UFC/g""",POLVO MOJABLE WP,NO DEFINIDO
11480,EXTRACTO DE TITHONIA DIVERSIFOLIA,BIOMEL,MADRIGAL CARDE„O ALEJANDRO BIOMA,"""3.3%*""",CONCENTRADO EMULSIONABLE,NO DEFINIDO
11406,EXTRACTO DE ACEITE ESENCIAL DE TOMILLO,THYME GUARD,AGRO RESEARCH INTERNATIONAL S.A.S,"""0.23""",CONCENTRADO EMULSIONABLE (EC),NO DEFINIDO
11407,MICORRIZAS DE LOS GENEROS ACAULASPORA SSP SCUTELLOSPARA GLAMUS SPP Y ENTROPHOSPORA,ABONAMOS MICORRIZAS 300,SOLUCIONES BIOTECNOLOGICAS Y AGROAMBIENTALES S.A.S  SOBIOTECH S.A.S,"""300 esporas viables/g*""",POLVO SECO (DP),NO DEFINIDO
11415,AZOTOBACTER  CHROOCOCCUM AZOSPIRILLUM BRASILENSE,NUTRIBIOL SL,ARTURO ORLANDO MORA JARAMILLO BIOCONTROL,"""1x10_ UFC/ml & 7x10_ UFC/ml""",CONCENTRADO SOLUBLE (SL),NO DEFINIDO
11463,BRADYRHIZOBIUM JAPONICUM,ENE-2,DISTRIBUIDORA DE BIOLOGICOS DE COLOMBIA LTDA DIBICOL LTDA,"""1x10_ UFC/ml""",SUSPENSION CONCENTRADA SC,NO DEFINIDO
11465,EXTRACTO DE AJO EXTRACTO DE CA„A DE AZUCAR,GREEN STAR GOLD SC,GREEN SEAL COMPANY LTDA,"""10% 15%""",SUSPENSION CONCENTRADA SC,NO DEFINIDO
11466,EXTRACTO DE EUCALITO EXTRACTO DE CA„A DE AZUCAR,FUNIBIOL GOLD SC,GREEN SEAL COMPANY LTDA,"""20% 25%""",SUSPENSION CONCENTRADA SC,NO DEFINIDO
11467,EXTRACTO DE AJI (CAPSICUM ANNUM) EXTRACTO DE CA„A DE AZUCAR (SACCHARUM OFFICINARUM),R-INSECT SC,GREEN SEAL COMPANY LTDA,"""6.0% 15.0%""",SUSPENSION CONCENTRADA SC,NO DEFINIDO
11468,BACILLUS SUBTILLIS,SUBTILIN SL,ARTURO ORLANDO MORA JARAMILLO BIOCONTROL,"""6x10_ UFC/ml""",SUSPENSION LIQUIDA  SL,NO DEFINIDO
11510,AZOTOBACTER CHROOCOCCUM AZOSPIRILLUM SP,DIMAZOS 100 SC,BIOCULTIVOS S.A,"""1x10_ UFC/L 1x10_ UFC/L""",SUSPENSION CONCENTRADA  SC,NO DEFINIDO
11523,BACILLUS THURINGENSIS VAR KURSTAKI,LEPIDOCID-P,PLANTADOR COLOMBIA S.A.S,"""3.5% 1x10_ UFC/g*""",POLVO MOJABLE,NO DEFINIDO
11524,TRICHODERMA HARZIANUM,TRICHOPLANTA,AGROBIOLOGICOS PLANTA S.A.S,"""1x10_ UFC/mL* 99.63% V/V""",CONCENTRADO SOLUBLE,NO DEFINIDO
11525,EXTRACTO DE COFFEAARABICA,SINBABOSAS WP ECOFLORA,ECOFLORA AGRO S.A.S,"""0.33""",POLVO MOJABLE,NO DEFINIDO
11543,BACILLUS THURINGIENSIS VAR KURSTAKI,BT-BIOX SL,SEMILLAS VALLE SA,"""1x10_ esporas viables/mL 20%""",CONCENTRADO SOLUBLE,NO DEFINIDO
11553,BACILLUS THURINGIENSIS VAR TENEBRIONIS,TENEBRIONIX SL,SEMILLAS VALLE SA,"""1x10_ esporas viables/mL 20%""",CONCENTRADO SOLUBLE,NO DEFINIDO
11668,TRICHODERMA HARZIANUM,BIOTRICHO WP,BIOCULTIVARES S.A.S,"""1x10__ UFC/g* 30%""",POLVO MOJABLE,NO DEFINIDO
11680,MEZCLA DE ACETATO DE CIS-7- DODECENILO+ ACETATO DE CIS- 11-HEXADECENILO Y ACETATO DE CIS-9-TETRADECENILO,SAFER SPODOPTERA,SAFER AGROBIOLOGICOS SAS,"""1.3 mg por unidad de se–uelo burbuja 0.435% p/p""",VP EMISOR DE VAPORES,NO DEFINIDO
11686,BRADIRHIZOBIUM JAPONICUM,FIXOR N,ALTEO SAS,"""5X10_ UFC/mL""",CONCENTRADO SOLUBLE SL,NO DEFINIDO
11701,PLEOROTUS OSTRATUS PENICILLIUM PINOPHILUM,RESIDUOL SC (Duo pack LIGNIBIOL SC + CELUBIOL SC),BIOCULTIVOS SA,"""1X10_ UFC/L + 1x10_ UFC/L""",SOLUCION CONCENTRADA  SC,NO DEFINIDO
11726,EXTRACTO DE PULPA Y SEMILLAS DE CITRICO,BC-1000,CHEMIE COLOMBIA LTDA,"""57.5 % p/v""",CONCENTRADO SOLUBLE,NO DEFINIDO
11764,EXTRACTO DE NEMM (AZADIRACHTA INDICA) EQUIVALENTE A 40G /L DE AZARIDIRACHTIN A EXTRACTO DE KARANJA (PONGAMIA PINNATA ) ACEITE DE CANELA (CINNAMOMUM VERUM),NEEMFIRST,FIRST DE COLOMBIA SAS,"""350 g/L* 400 g/L* 200g/L*""",CONCENTRADO EMULSIONABLE,NO DEFINIDO
11772,BACILLUS SUBTILLIS BACILLUS MEGATERIUM BACILLUS LICHENIFORMIS AZOTOBACTER SP PSEUDOMONAS FLUORESCENS,TANGO WP,MAYORISTAS AGRICOLAS S.A,"""5x10_ UFC/g 5.4 p/p""",POLVO MOJABLE WP,NO DEFINIDO
